{
  "summary": {
    "n_samples": 1994,
    "n_features": 43,
    "feature_names": [
      "population",
      "householdsize",
      "agePct12t29",
      "agePct65up",
      "racePctAsian",
      "racePctHisp",
      "pctUrban",
      "PopDens",
      "PctUsePubTrans",
      "LandArea",
      "medIncome",
      "blackPerCap",
      "HispPerCap",
      "AsianPerCap",
      "indianPerCap",
      "OtherPerCap",
      "MedOwnCostPctInc",
      "MedOwnCostPctIncNoMtg",
      "MedRentPctHousInc",
      "PctBSorMore",
      "PctEmploy",
      "PctEmplProfServ",
      "PctEmplManu",
      "pctWFarmSelf",
      "PctPopUnderPov",
      "PctKids2Par",
      "PctIlleg",
      "MalePctNevMarr",
      "PctWorkMom",
      "NumImmig",
      "PctForeignBorn",
      "PctImmigRec8",
      "PctHousOwnOcc",
      "MedNumBR",
      "PctVacantBoarded",
      "PctHousOccup",
      "PctVacMore6Mos",
      "MedYrHousBuilt",
      "PctWOFullPlumb",
      "PctPersDenseHous",
      "PctBornSameState",
      "PctSameHouse85",
      "LemasPctOfficDrugUn"
    ],
    "class_counts": {
      "Low": 679,
      "Medium": 662,
      "High": 653
    }
  },
  "outlier_removed": 100,
  "class_counts_clean": {
    "Low": 660,
    "Medium": 649,
    "High": 585
  },
  "fisher_features": {
    "PctKids2Par": 0.8968228618282589,
    "PctIlleg": 0.6946082810459037,
    "PctPopUnderPov": 0.37376450167488323,
    "PctPersDenseHous": 0.2793160641774739,
    "PctHousOwnOcc": 0.2678337036303603,
    "medIncome": 0.25528874965935416,
    "PctVacantBoarded": 0.18275997731569205,
    "PctHousOccup": 0.1443584812865494,
    "MedNumBR": 0.1412771892274554,
    "PctBSorMore": 0.1393208105824613,
    "PctEmploy": 0.1276601252050862,
    "racePctHisp": 0.12206236223120431,
    "MedRentPctHousInc": 0.10987523553392882,
    "PctWOFullPlumb": 0.09738275094443151,
    "blackPerCap": 0.09350408713971863,
    "population": 0.09237134066443554,
    "HispPerCap": 0.08929999133119464,
    "LemasPctOfficDrugUn": 0.08811568478019659,
    "PctSameHouse85": 0.07010653370562553,
    "PctImmigRec8": 0.06863128834130183,
    "NumImmig": 0.060649637071399344,
    "MalePctNevMarr": 0.044442420617500776,
    "AsianPerCap": 0.03657143576336588,
    "PopDens": 0.03306550641623657,
    "LandArea": 0.028139493570831044,
    "agePct12t29": 0.025554628374057402,
    "PctForeignBorn": 0.024771948970123983,
    "PctWorkMom": 0.017483574882745694,
    "OtherPerCap": 0.01745486902723337,
    "householdsize": 0.017021720575915302,
    "PctBornSameState": 0.0160172652326678,
    "PctEmplProfServ": 0.015055057504727003,
    "indianPerCap": 0.011096658329506206,
    "agePct65up": 0.010298843007308083,
    "racePctAsian": 0.008732029070074941,
    "pctWFarmSelf": 0.007819755847114064,
    "PctEmplManu": 0.006323952455055412,
    "PctVacMore6Mos": 0.006298765361794384,
    "MedYrHousBuilt": 0.0026297212733789755,
    "MedOwnCostPctIncNoMtg": 0.0022710790055094497,
    "MedOwnCostPctInc": 0.0022630948869047573,
    "pctUrban": 0.0002133207699205606,
    "PctUsePubTrans": 0.0001724981106496145
  },
  "fisher_pcs": {
    "PC1": {
      "eigenvalue": 8.00965920886856,
      "explained_var_ratio": 0.1861727963751895,
      "fisher": 0.560667232698521
    },
    "PC2": {
      "eigenvalue": 6.147309395120056,
      "explained_var_ratio": 0.1428852027818848,
      "fisher": 0.06122254691315329
    },
    "PC3": {
      "eigenvalue": 3.6837490217593736,
      "explained_var_ratio": 0.08562335033754687,
      "fisher": 0.009583349668343918
    },
    "PC4": {
      "eigenvalue": 2.7533352461535134,
      "explained_var_ratio": 0.06399724492238157,
      "fisher": 0.01634097520259422
    },
    "PC5": {
      "eigenvalue": 2.3814482054041446,
      "explained_var_ratio": 0.055353275371798884,
      "fisher": 0.03474927668774849
    },
    "PC6": {
      "eigenvalue": 2.170963729577439,
      "explained_var_ratio": 0.05046087203273607,
      "fisher": 0.002918093493560366
    },
    "PC7": {
      "eigenvalue": 2.0833533399987543,
      "explained_var_ratio": 0.048424496851963865,
      "fisher": 0.03651308817905476
    },
    "PC8": {
      "eigenvalue": 1.4811493458167955,
      "explained_var_ratio": 0.03442714706946284,
      "fisher": 0.007704727132528737
    },
    "PC9": {
      "eigenvalue": 1.098699702503985,
      "explained_var_ratio": 0.025537665293583693,
      "fisher": 0.03720611346885217
    },
    "PC10": {
      "eigenvalue": 1.0834057686254912,
      "explained_var_ratio": 0.025182180201960343,
      "fisher": 0.0021969339759670063
    },
    "PC11": {
      "eigenvalue": 0.9383348756210022,
      "explained_var_ratio": 0.02181021978279704,
      "fisher": 0.002731875136406627
    },
    "PC12": {
      "eigenvalue": 0.8948263846277233,
      "explained_var_ratio": 0.020798928637561453,
      "fisher": 0.0018557788765382645
    },
    "PC13": {
      "eigenvalue": 0.8262121686105576,
      "explained_var_ratio": 0.01920409168708756,
      "fisher": 0.0023740675711553167
    },
    "PC14": {
      "eigenvalue": 0.7646116417427339,
      "explained_var_ratio": 0.01777227766777578,
      "fisher": 0.023410972658697064
    },
    "PC15": {
      "eigenvalue": 0.7004920995624306,
      "explained_var_ratio": 0.016281912827185982,
      "fisher": 0.0008648049132605227
    },
    "PC16": {
      "eigenvalue": 0.667908029948267,
      "explained_var_ratio": 0.015524543855652724,
      "fisher": 0.0017606720019965444
    },
    "PC17": {
      "eigenvalue": 0.6038241696364536,
      "explained_var_ratio": 0.014035008387831909,
      "fisher": 0.0036077300525599524
    },
    "PC18": {
      "eigenvalue": 0.5885753451680489,
      "explained_var_ratio": 0.013680571798373274,
      "fisher": 0.0028199027799963995
    },
    "PC19": {
      "eigenvalue": 0.5634874996939322,
      "explained_var_ratio": 0.013097441577080786,
      "fisher": 0.0025979842253910884
    },
    "PC20": {
      "eigenvalue": 0.5247179188555611,
      "explained_var_ratio": 0.012196299457203616,
      "fisher": 2.77180708660483e-05
    },
    "PC21": {
      "eigenvalue": 0.46712867595871427,
      "explained_var_ratio": 0.010857721858375849,
      "fisher": 0.0048251669547259715
    },
    "PC22": {
      "eigenvalue": 0.4433182305025385,
      "explained_var_ratio": 0.010304282929462748,
      "fisher": 0.007589950541624924
    },
    "PC23": {
      "eigenvalue": 0.41787546533832054,
      "explained_var_ratio": 0.009712903119833017,
      "fisher": 0.002501657748768048
    },
    "PC24": {
      "eigenvalue": 0.37926826547604936,
      "explained_var_ratio": 0.00881553530790208,
      "fisher": 0.0009107071425679651
    },
    "PC25": {
      "eigenvalue": 0.37026197338400246,
      "explained_var_ratio": 0.008606197239948878,
      "fisher": 1.3520779913277223e-05
    },
    "PC26": {
      "eigenvalue": 0.35692676973952575,
      "explained_var_ratio": 0.008296239963617323,
      "fisher": 0.0020441985504842147
    },
    "PC27": {
      "eigenvalue": 0.3277080188380184,
      "explained_var_ratio": 0.007617092896298822,
      "fisher": 0.006776360686497127
    },
    "PC28": {
      "eigenvalue": 0.31055554531692936,
      "explained_var_ratio": 0.00721840877292978,
      "fisher": 0.004498923404406136
    },
    "PC29": {
      "eigenvalue": 0.2843770998728819,
      "explained_var_ratio": 0.006609929152763504,
      "fisher": 0.0013559592177477696
    },
    "PC30": {
      "eigenvalue": 0.2656281515519773,
      "explained_var_ratio": 0.006174137311066683,
      "fisher": 0.0015479201304096578
    },
    "PC31": {
      "eigenvalue": 0.24246396915907978,
      "explained_var_ratio": 0.005635719820462881,
      "fisher": 0.0012541484982472179
    },
    "PC32": {
      "eigenvalue": 0.2188394594764963,
      "explained_var_ratio": 0.005086602696262462,
      "fisher": 0.004668522323378576
    },
    "PC33": {
      "eigenvalue": 0.19431515917894232,
      "explained_var_ratio": 0.004516571257161387,
      "fisher": 0.004241768479262458
    },